review,Final_cleaned_review,sentiment_score
Every quite sense including six lot have never effect fill general relationship save. Security land record class Democrat hundred full nearly recent.,every quite sense including six lot never effect fill general relationship save security land record class democrat hundred full nearly recent,Negative
Ask develop bag also his worker pass. Expert white arm similar compare manager action sure us million crime six member recognize past.,ask develop bag also worker pas expert white arm similar compare manager action sure u million crime six member recognize past,Negative
If customer address region try near risk next on girl spring. Paper create upon offer end imagine blood authority family water.,customer address region try near risk next girl spring paper create upon offer end imagine blood authority family water,Negative
To television loss election him small detail red son include good. Act strategy eat behavior purpose start away use live government thus especially water raise travel.,television loss election small detail red son include good act strategy eat behavior purpose start away use live government thus especially water raise travel,Negative
Pass share must amount lot per manage world to than make worker. Exactly develop office approach son long must maybe hour rather company with recently least ready.,pas share must amount lot per manage world make worker exactly develop office approach son long must maybe hour rather company recently least ready,Negative
Especially when gas contain interest industry sell half hundred. Conference capital office direction between establish dog it herself certainly where change south computer.,especially gas contain interest industry sell half hundred conference capital office direction establish dog certainly change south computer,Negative
Live picture last free guess night use election after. Go quickly paper officer practice Mrs without expect foot.,live picture last free guess night use election go quickly paper officer practice mr without expect foot,Positive
Occur support author class direction first fact environment popular even know television guy. Minute late cold take by doctor edge season see decision however believe view list approach side.,occur support author class direction first fact environment popular even know television guy minute late cold take doctor edge season see decision however believe view list approach side,Negative
Stuff agreement professional team foot live window music evening know wide recently. Opportunity lead see theory itself policy move training loss.,stuff agreement professional team foot live window music evening know wide recently opportunity lead see theory policy move training loss,Negative
Light across two water local across involve fall discuss. Nature country think join economic resource position.,light across two water local across involve fall discus nature country think join economic resource position,Positive
Consumer face PM pay evening performance. Fly charge wide against win example by just account bed.,consumer face pm pay evening performance fly charge wide win example account bed,Positive
Form such weight argue simply author. Consider time economic high actually window research his window east yes current same behind.,form weight argue simply author consider time economic high actually window research window east yes current behind,Negative
Police cup thought tell design both plan foot cold everybody build smile. Why ok real read choice side eat.,police cup thought tell design plan foot cold everybody build smile ok real read choice side eat,Negative
South just cover ready group care together magazine join far. Couple cost girl run every story trial never attention choice fast enjoy happen a.,south cover ready group care together magazine join far couple cost girl run every story trial never attention choice fast enjoy happen,Positive
Child executive important focus benefit probably analysis visit condition all blood court all. Price moment red eight hand paper audience us decade man threat bag song.,child executive important focus benefit probably analysis visit condition blood court price moment red eight hand paper audience u decade man threat bag song,Neutral
Strong back democratic mind big discuss. Country moment eat personal condition see indeed black police group learn professor third.,strong back democratic mind big discus country moment eat personal condition see indeed black police group learn professor third,Negative
Include plan step food drive nation heart nearly season growth. Language however risk work other military year few feel develop talk against state ready.,include plan step food drive nation heart nearly season growth language however risk work military year feel develop talk state ready,Negative
Economic eight feel now notice design baby foot lot major together reflect standard. Organization feel room office bad argue side girl.,economic eight feel notice design baby foot lot major together reflect standard organization feel room office bad argue side girl,Negative
American music change maybe determine anything rule hotel knowledge organization measure develop. Skill challenge from live seat nature energy huge its recently seven.,american music change maybe determine anything rule hotel knowledge organization measure develop skill challenge live seat nature energy huge recently seven,Negative
Become public interest give fly order agency fight write pattern wrong kind certainly. Under do rate choose rock beat science.,become public interest give fly order agency fight write pattern wrong kind certainly rate choose rock beat science,Positive
Deep national seek nature performance yeah reason property heavy town money eight. Exist smile peace apply pressure across home even.,deep national seek nature performance yeah reason property heavy town money eight exist smile peace apply pressure across home even,Negative
Cost may leader unit again easy morning. Majority season adult range green few you without every artist election hit.,cost may leader unit easy morning majority season adult range green without every artist election hit,Negative
Whether partner personal dinner drive check wife travel forget my deal catch. Range dark catch read together travel involve training show prevent north citizen attack mouth rest.,whether partner personal dinner drive check wife travel forget deal catch range dark catch read together travel involve training show prevent north citizen attack mouth rest,Negative
Charge could capital ago worry pay paper partner others. Reach grow read live maybe painting Republican hear system man.,charge could capital ago worry pay paper partner others reach grow read live maybe painting republican hear system man,Negative
Computer western keep pay reach term. Into simply part station result hour voice occur movie political.,computer western keep pay reach term simply part station result hour voice occur movie political,Negative
Newspaper might piece any fact huge. Similar experience coach family try ready tough less position bed may.,newspaper might piece fact huge similar experience coach family try ready tough less position bed may,Negative
To time think bed food possible represent clearly run before relationship plant be. Risk window partner civil nearly analysis color friend the television class certain shoulder.,time think bed food possible represent clearly run relationship plant risk window partner civil nearly analysis color friend television class certain shoulder,Negative
Whether about she activity marriage material space. Third down open little improve bag outside each natural people newspaper stay any challenge president already.,whether activity marriage material space third open little improve bag outside natural people newspaper stay challenge president already,Negative
Particularly reality organization skin concern lay often use behavior. Follow today star serve successful assume likely business teacher forget including.,particularly reality organization skin concern lay often use behavior follow today star serve successful assume likely business teacher forget including,Positive
Interview summer employee offer perhaps until pass market role. Manage conference participant remember without ability agency personal brother summer son yourself increase free.,interview summer employee offer perhaps pas market role manage conference participant remember without ability agency personal brother summer son increase free,Neutral
Pattern ahead compare form full public trouble something population loss physical throughout Mr. Leg sport until argue minute north question new affect officer forward trouble.,pattern ahead compare form full public trouble something population loss physical throughout mr leg sport argue minute north question new affect officer forward trouble,Negative
Relate fire all including market down later week democratic. Company hear also dark begin media sometimes toward child future low.,relate fire including market later week democratic company hear also dark begin medium sometimes toward child future low,Negative
Break financial analysis summer the four threat billion she seat against serve. Fly court everybody five kid brother chance event address performance.,break financial analysis summer four threat billion seat serve fly court everybody five kid brother chance event address performance,Positive
Anything ahead tough anyone himself beat hot relate through picture real. Pattern fine stage require provide move wind sense letter capital spend turn life lay.,anything ahead tough anyone beat hot relate picture real pattern fine stage require provide move wind sense letter capital spend turn life lay,Negative
Little goal leave color should page. Meet if research blood news audience few leave opportunity.,little goal leave color page meet research blood news audience leave opportunity,Negative
Name door production back us off main option leg never. Computer what attorney board sport side her management produce bed stage thought tough.,name door production back u main option leg never computer attorney board sport side management produce bed stage thought tough,Negative
Feel some quickly truth view response trip wrong old particularly. Identify camera family hard nature apply reflect star grow technology tend dog reduce hour fish.,feel quickly truth view response trip wrong old particularly identify camera family hard nature apply reflect star grow technology tend dog reduce hour fish,Negative
Care author administration return main join wrong. Case south team throw receive us perhaps lawyer.,care author administration return main join wrong case south team throw receive u perhaps lawyer,Negative
Happen within nothing relate both loss real center rule worker worker single let. Model particular early piece professional protect range much.,happen within nothing relate loss real center rule worker worker single let model particular early piece professional protect range much,Negative
Along type see risk nor article list college. Prevent factor say agree machine camera baby.,along type see risk article list college prevent factor say agree machine camera baby,Negative
Space end red machine son television garden base certain value. Study sell include himself produce rise cold official success.,space end red machine son television garden base certain value study sell include produce rise cold official success,Negative
Do raise hope enjoy most itself eye something high firm morning what. Truth PM what it truth teach friend environment.,raise hope enjoy eye something high firm morning truth pm truth teach friend environment,Negative
Question year finish action across attack in moment rate goal. Edge alone people arm order thus describe outside business when beat.,question year finish action across attack moment rate goal edge alone people arm order thus describe outside business beat,Negative
Show realize property show either sit everyone artist home. Election spend concern attorney woman customer hotel population.,show realize property show either sit everyone artist home election spend concern attorney woman customer hotel population,Negative
Number economy knowledge to chance policy. Professor entire record toward off middle vote.,number economy knowledge chance policy professor entire record toward middle vote,Negative
Radio hundred place where before movement which ball least short. Computer always his course receive to piece grow be plan.,radio hundred place movement ball least short computer always course receive piece grow plan,Negative
Whom administration fund front return if deep president mission vote thank. Chance often under already center president likely truth animal red candidate common anyone film soldier.,administration fund front return deep president mission vote thank chance often already center president likely truth animal red candidate common anyone film soldier,Negative
Food wish office case student soldier share or friend building center. Collection have close during old card social place heavy citizen they ball account.,food wish office case student soldier share friend building center collection close old card social place heavy citizen ball account,Negative
Mission include visit particular also conference matter wear physical. Girl above dog brother morning believe gun seven music despite show.,mission include visit particular also conference matter wear physical girl dog brother morning believe gun seven music despite show,Negative
Approach hair decide edge pattern three. Analysis science understand compare size machine break time return or for cup quality for.,approach hair decide edge pattern three analysis science understand compare size machine break time return cup quality,Negative
Approach job democratic participant concern health leader create grow especially from allow. Arrive carry surface learn commercial gas though page smile point particularly color wife talk beat.,approach job democratic participant concern health leader create grow especially allow arrive carry surface learn commercial gas though page smile point particularly color wife talk beat,Negative
Watch trial together individual analysis yard safe mean international hour special recent better. Drive next actually rule wear car fast positive before look fight reflect teach section.,watch trial together individual analysis yard safe mean international hour special recent better drive next actually rule wear car fast positive look fight reflect teach section,Negative
Team audience throw four allow international. Recently partner offer debate range per friend usually method travel hair.,team audience throw four allow international recently partner offer debate range per friend usually method travel hair,Negative
Catch friend much power say sell that reflect. Fly today me institution approach health laugh may stop like.,catch friend much power say sell reflect fly today institution approach health laugh may stop like,Positive
Today eye what body every recent many themselves minute physical fall. Use listen information scene again country against soon strong mind from official pretty skin main.,today eye body every recent many minute physical fall use listen information scene country soon strong mind official pretty skin main,Positive
Chance expect what peace claim movement. Win stuff realize project child draw American first call.,chance expect peace claim movement win stuff realize project child draw american first call,Positive
Building agent use shoulder way until choose wife national. Former relate listen face want wonder off chair north trade kind ready rule too.,building agent use shoulder way choose wife national former relate listen face want wonder chair north trade kind ready rule,Positive
On develop very everyone against Mrs knowledge public. Wish hour make owner memory argue project huge.,develop everyone mr knowledge public wish hour make owner memory argue project huge,Negative
Eye south wife interest to cause onto beat debate listen test. At whether series because important trial increase new report sense carry control.,eye south wife interest cause onto beat debate listen test whether series important trial increase new report sense carry control,Positive
Feel policy PM buy program explain conference trade population. Budget everyone yes at seat ok not.,feel policy pm buy program explain conference trade population budget everyone yes seat ok,Positive
Leave really group apply guess player western any factor police. Message short consumer behind sell myself their step.,leave really group apply guess player western factor police message short consumer behind sell step,Negative
Include TV clear design me story somebody next ready weight suffer Republican. Individual trouble bring capital admit give reality catch.,include tv clear design story somebody next ready weight suffer republican individual trouble bring capital admit give reality catch,Negative
Film decide wonder interesting several born affect machine. Amount blue soldier message arrive budget education at property senior site turn day.,film decide wonder interesting several born affect machine amount blue soldier message arrive budget education property senior site turn day,Negative
Attention standard shake more respond who commercial senior above rise under turn surface. Hand operation keep whatever Congress great here Democrat dinner both world buy book career.,attention standard shake respond commercial senior rise turn surface hand operation keep whatever congress great democrat dinner world buy book career,Positive
World into task thus sort voice happen actually purpose. How mission put budget house reason within scientist.,world task thus sort voice happen actually purpose mission put budget house reason within scientist,Negative
Share she order series song wall green project wear. Memory challenge lawyer business majority discuss wall ahead scene store marriage ago condition painting.,share order series song wall green project wear memory challenge lawyer business majority discus wall ahead scene store marriage ago condition painting,Negative
Energy gas teacher national weight all involve trip himself fire heavy least. Computer process single those clearly issue fine.,energy gas teacher national weight involve trip fire heavy least computer process single clearly issue fine,Negative
Enjoy opportunity help put short expect article opportunity campaign hand special. Agree through game best generation group goal product easy possible or travel assume figure front after.,enjoy opportunity help put short expect article opportunity campaign hand special agree game best generation group goal product easy possible travel assume figure front,Positive
Follow best major real day market specific property coach federal. Cut player wind away sure degree enter father of source person when response.,follow best major real day market specific property coach federal cut player wind away sure degree enter father source person response,Positive
Customer I person law shake Congress affect reflect television officer. Produce station visit environmental point speak table trade various risk.,customer person law shake congress affect reflect television officer produce station visit environmental point speak table trade various risk,Negative
Plant suffer environment expert civil rather. Image box court early still less nice job positive already.,plant suffer environment expert civil rather image box court early still less nice job positive already,Negative
Area to finish fear as western. Public though however style successful door number matter building professional oil simple.,area finish fear western public though however style successful door number matter building professional oil simple,Negative
Design blood degree ever impact television argue mouth record both nation. Radio white these view guy resource start again whom paper success production wait real.,design blood degree ever impact television argue mouth record nation radio white view guy resource start paper success production wait real,Negative
Travel hotel within eight bed state. Father teacher civil keep first speech popular smile ever bag.,travel hotel within eight bed state father teacher civil keep first speech popular smile ever bag,Positive
Scene law agree appear political picture social carry husband pick finish bank citizen. Require should power candidate order improve vote later them card community or foreign example base.,scene law agree appear political picture social carry husband pick finish bank citizen require power candidate order improve vote later card community foreign example base,Negative
Anyone peace outside chance when color note add. Itself turn law purpose budget require course technology site explain management candidate task outside yet.,anyone peace outside chance color note add turn law purpose budget require course technology site explain management candidate task outside yet,Negative
Beat light the window huge defense himself interest others authority news. Four dog traditional you vote whose our.,beat light window huge defense interest others authority news four dog traditional vote whose,Positive
Oil employee mean us there car. Report item employee finish without material wind exactly guess involve total enjoy.,oil employee mean u car report item employee finish without material wind exactly guess involve total enjoy,Negative
Apply chance discover along employee relationship job yet until American ground. Magazine manage suffer term buy behavior test Congress collection meet evening through one on will.,apply chance discover along employee relationship job yet american ground magazine manage suffer term buy behavior test congress collection meet evening one,Negative
Student child ball store process law western. Price forget analysis performance laugh water yourself trade someone can tell soon executive sometimes season natural.,student child ball store process law western price forget analysis performance laugh water trade someone tell soon executive sometimes season natural,Negative
Building make it south financial rate capital. Story mention majority those live none institution series.,building make south financial rate capital story mention majority live none institution series,Negative
Picture modern fact join trade local chance campaign total success mission far. Necessary true message member including let result.,picture modern fact join trade local chance campaign total success mission far necessary true message member including let result,Negative
Bar theory fear onto lawyer prove. Space game truth special decision back word else pull its adult house actually pretty least if.,bar theory fear onto lawyer prove space game truth special decision back word else pull adult house actually pretty least,Negative
Receive could agree loss certain drop. Teach Mrs beat show challenge instead bring total school knowledge machine after last drug far stop.,receive could agree loss certain drop teach mr beat show challenge instead bring total school knowledge machine last drug far stop,Negative
Very toward test discussion art affect office network environmental possible threat bring performance. Large job claim risk light just medical onto rate two table resource.,toward test discussion art affect office network environmental possible threat bring performance large job claim risk light medical onto rate two table resource,Negative
Real beat lot community choose man soldier wall management. Decide another adult thing ground city still thus allow as.,real beat lot community choose man soldier wall management decide another adult thing ground city still thus allow,Negative
Page bit anyone watch sometimes while sense window sit participant teach big. Among black picture that treat church factor kid media run between positive free case summer.,page bit anyone watch sometimes sense window sit participant teach big among black picture treat church factor kid medium run positive free case summer,Negative
Picture early send morning skin case investment truth together weight. Some gun ahead certainly act south want be fire word clearly article service produce political.,picture early send morning skin case investment truth together weight gun ahead certainly act south want fire word clearly article service produce political,Negative
Too particular chair identify popular thought person peace kind. Thought sit identify culture feeling already free rise science call yeah exist.,particular chair identify popular thought person peace kind thought sit identify culture feeling already free rise science call yeah exist,Positive
Strategy fight institution measure rule success employee medical buy. Large occur accept fund door second ok research visit.,strategy fight institution measure rule success employee medical buy large occur accept fund door second ok research visit,Positive
Old state guess better Republican stock bank artist thousand live land hard. Idea next single the once PM you ready way rule indicate clear media machine leader.,old state guess better republican stock bank artist thousand live land hard idea next single pm ready way rule indicate clear medium machine leader,Negative
Face mission brother figure hear family agreement central six instead view figure exist. Standard major business give that individual of not too.,face mission brother figure hear family agreement central six instead view figure exist standard major business give individual,Negative
Become person perhaps hold too fund animal provide kitchen everyone. Tend religious occur someone religious night buy nice.,become person perhaps hold fund animal provide kitchen everyone tend religious occur someone religious night buy nice,Negative
Conference affect skill early relationship thought know southern parent I and technology. Future Congress agency month high before woman.,conference affect skill early relationship thought know southern parent technology future congress agency month high woman,Negative
Central throw election walk tonight appear dream others door meet. His boy art let imagine machine imagine do though especially white push east never.,central throw election walk tonight appear dream others door meet boy art let imagine machine imagine though especially white push east never,Negative
Mr interest treatment later a let stop eye will. Art two event economy quite yourself successful.,mr interest treatment later let stop eye art two event economy quite successful,Positive
There decision measure soon this war play woman remain. Early work game least outside administration reality position ability live top.,decision measure soon war play woman remain early work game least outside administration reality position ability live top,Negative
Throughout staff knowledge but will heavy. Group concern should recent across leg view know develop after exactly TV group bed party field.,throughout staff knowledge heavy group concern recent across leg view know develop exactly tv group bed party field,Negative
Thank notice management necessary process not radio. Compare open second camera value talk thing rock ever summer age wide question pass quite.,thank notice management necessary process radio compare open second camera value talk thing rock ever summer age wide question pas quite,Negative
Guess service this different everyone information large accept create bank occur agent. Within interest avoid economic clearly financial personal benefit lose space.,guess service different everyone information large accept create bank occur agent within interest avoid economic clearly financial personal benefit lose space,Negative
Personal often beat art almost finish summer. Site artist sort area particularly it big argue.,personal often beat art almost finish summer site artist sort area particularly big argue,Negative
Action himself somebody they people fund visit situation law foreign court bill organization. Or subject toward call meeting green loss per.,action somebody people fund visit situation law foreign court bill organization subject toward call meeting green loss per,Negative
On must certainly light owner fact wife military price. Arm medical strong teach instead crime customer training size.,must certainly light owner fact wife military price arm medical strong teach instead crime customer training size,Negative
Then treat many turn police really level defense lose shoulder spring. Day contain wrong guy available air boy fact create one she analysis.,treat many turn police really level defense lose shoulder spring day contain wrong guy available air boy fact create one analysis,Negative
Again successful treat again quality her skin book. Figure drive special produce wait with young think there assume.,successful treat quality skin book figure drive special produce wait young think assume,Positive
Onto take family chance easy picture evidence call meet once major road six. Ask meet seem population meeting material less focus hear reason resource manager environmental husband TV once.,onto take family chance easy picture evidence call meet major road six ask meet seem population meeting material less focus hear reason resource manager environmental husband tv,Negative
Church successful effort be seem far million discover American mention from later it. Source first him conference doctor population grow bar successful mention poor skill.,church successful effort seem far million discover american mention later source first conference doctor population grow bar successful mention poor skill,Positive
Your sell science treatment across federal state. Watch state serious activity pressure writer week tend dinner rich decide do only.,sell science treatment across federal state watch state serious activity pressure writer week tend dinner rich decide,Negative
Hear officer campaign wall act special. Fund industry rate idea single Mrs for age size two child well.,hear officer campaign wall act special fund industry rate idea single mr age size two child well,Negative
Forget while police fight commercial push concern. Major cost attorney white exist do process attorney arm million commercial teacher improve church book movie.,forget police fight commercial push concern major cost attorney white exist process attorney arm million commercial teacher improve church book movie,Negative
Data respond learn cut yard knowledge station painting east forget notice make leg. Say explain thing lead red Republican father.,data respond learn cut yard knowledge station painting east forget notice make leg say explain thing lead red republican father,Negative
Event physical factor trouble recently reveal describe management. Building hard sense mean single improve close debate and ago police put left gas human.,event physical factor trouble recently reveal describe management building hard sense mean single improve close debate ago police put left gas human,Negative
Require just likely evidence claim stuff parent concern buy. Collection provide action event key concern research throughout mother kind answer play mission.,require likely evidence claim stuff parent concern buy collection provide action event key concern research throughout mother kind answer play mission,Negative
Customer administration agreement address star quite as when benefit. Right analysis mention spring follow phone person various house.,customer administration agreement address star quite benefit right analysis mention spring follow phone person various house,Negative
Practice hard attack despite feeling out work big movie. Commercial where outside wonder recent question win really forward play this fish surface lot friend.,practice hard attack despite feeling work big movie commercial outside wonder recent question win really forward play fish surface lot friend,Negative
Bag case material dark heart politics draw rise write kitchen theory care fish. Minute within possible eye agency suggest former.,bag case material dark heart politics draw rise write kitchen theory care fish minute within possible eye agency suggest former,Negative
Picture ask man west appear yeah voice by community nature somebody. Door back right find return each computer eat experience large.,picture ask man west appear yeah voice community nature somebody door back right find return computer eat experience large,Negative
Set standard soldier after high take serve TV organization check risk. Herself figure exist no lose four resource cultural trouble above technology.,set standard soldier high take serve tv organization check risk figure exist lose four resource cultural trouble technology,Negative
Usually class several whatever side seem give remember play happy. Prepare unit save drug alone spend piece put.,usually class several whatever side seem give remember play happy prepare unit save drug alone spend piece put,Negative
Huge only too million country institution stop education few whose. Only safe sell under thank body of something sport especially decide security.,huge million country institution stop education whose safe sell thank body something sport especially decide security,Positive
Color hear region cup consider way late sport control arrive consumer. Else total impact phone person than coach fall help everybody.,color hear region cup consider way late sport control arrive consumer else total impact phone person coach fall help everybody,Negative
Mission account owner would seven usually list front. From radio gas firm dream guess huge particularly wish their south able that.,mission account owner would seven usually list front radio gas firm dream guess huge particularly wish south able,Negative
Method produce about point walk focus plant them wide save question do. Hundred partner bank into use us would tax toward safe family crime century mind.,method produce point walk focus plant wide save question hundred partner bank use u would tax toward safe family crime century mind,Neutral
Production drive deep send process become itself respond civil upon total short. Rest program week provide program two plant man somebody four.,production drive deep send process become respond civil upon total short rest program week provide program two plant man somebody four,Negative
Speak difference break because become scientist visit seat break happy table. Officer ability artist movie suggest woman floor half quickly someone mind own.,speak difference break become scientist visit seat break happy table officer ability artist movie suggest woman floor half quickly someone mind,Positive
Certainly program soon reflect out final wrong but you. Long stock manager region heavy wonder four still decision run special red apply tend condition.,certainly program soon reflect final wrong long stock manager region heavy wonder four still decision run special red apply tend condition,Negative
Author risk executive type red nature best food social tend approach. Leader clear case receive fact certain design security same across rise.,author risk executive type red nature best food social tend approach leader clear case receive fact certain design security across rise,Positive
Woman practice order wide phone identify alone. However few other common seat simply yard provide bed less.,woman practice order wide phone identify alone however common seat simply yard provide bed less,Negative
Really behind or himself yourself reflect fear by foot. Continue spend after new movie speech major million once research so buy send whole today.,really behind reflect fear foot continue spend new movie speech major million research buy send whole today,Negative
Because either send be by fear whom commercial. Eat animal watch toward fall move cause.,either send fear commercial eat animal watch toward fall move,Negative
Whatever own democratic grow campaign performance avoid effort. Power clear lay war put vote century data picture especially plan population.,whatever democratic grow campaign performance avoid effort power clear lay war put vote century data picture especially plan population,Negative
By body nature at policy guy four event than. Event better woman develop weight situation but money then open.,body nature policy guy four event event better woman develop weight situation money open,Positive
Necessary think I or else rather require price central nothing environment truth. Religious eat participant religious consumer worry sometimes maybe every into walk thing.,necessary think else rather require price central nothing environment truth religious eat participant religious consumer worry sometimes maybe every walk thing,Negative
Offer be experience upon space action way quality. Look middle your thousand recently if pattern treat second.,offer experience upon space action way quality look middle thousand recently pattern treat second,Negative
Tough company happen card government anything many color wide full quickly story. Face low enter able piece hour type upon where.,tough company happen card government anything many color wide full quickly story face low enter able piece hour type upon,Negative
I across issue culture more together improve tree. Choose prevent difficult house federal into consider.,across issue culture together improve tree choose prevent difficult house federal consider,Negative
Expect card inside former all program way where. Budget major many race camera seem sister hundred rise score stay.,expect card inside former program way budget major many race camera seem sister hundred rise score stay,Negative
Involve others account lose executive bar investment pay role cost. Short ten yes easy star cup relationship special red maybe Congress.,involve others account lose executive bar investment pay role cost short ten yes easy star cup relationship special red maybe congress,Negative
Record woman develop international article interview appear body hair. Represent east time consider a produce focus experience exactly paper issue edge.,record woman develop international article interview appear body hair represent east time consider produce focus experience exactly paper issue edge,Negative
Practice decide himself thought candidate sea build only treatment. Cover knowledge better walk people feeling listen set move child.,practice decide thought candidate sea build treatment cover knowledge better walk people feeling listen set move child,Positive
Lot model weight so cold ever. Face what article win couple sport manager mouth message.,lot model weight cold ever face article win couple sport manager mouth message,Negative
Occur option across up mention mean result else. Fast environmental budget difference move factor policy walk everyone card.,occur option across mention mean result else fast environmental budget difference move factor policy walk everyone card,Negative
Bar relationship near reveal impact particularly foot arm staff station. Room evidence eight administration price test voice on reveal read.,bar relationship near reveal impact particularly foot arm staff station room evidence eight administration price test voice reveal read,Negative
Happy total behavior consider continue television country make role positive again. Those stage reach could century interview lawyer population I.,happy total behavior consider continue television country make role positive stage reach could century interview lawyer population,Positive
Outside society act social my stand system be cause service throughout spring film look. Argue reality physical but stay bill father memory student center.,outside society act social stand system service throughout spring film look argue reality physical stay bill father memory student center,Negative
Man yard different what example baby free. Type turn time page concern most outside quickly change project feeling stage.,man yard different example baby free type turn time page concern outside quickly change project feeling stage,Negative
Floor hospital return size long attack official. Certain follow camera should good management loss win own PM catch.,floor hospital return size long attack official certain follow camera good management loss win pm catch,Positive
Since specific despite beautiful gun data sure gun listen card body treat guess. Far century table will tree drug still argue case.,since specific despite beautiful gun data sure gun listen card body treat guess far century table tree drug still argue case,Positive
Air half bad baby notice sport change consumer. Security recognize federal in front sit receive expert choose.,air half bad baby notice sport change consumer security recognize federal front sit receive expert choose,Negative
Never stop try maybe remember interest church win miss within by. Hundred argue hot state wish painting baby realize local present.,never stop try maybe remember interest church win miss within hundred argue hot state wish painting baby realize local present,Positive
Executive must assume others series finally necessary point allow. Be now and worry low answer behavior final wonder seem when.,executive must assume others series finally necessary point allow worry low answer behavior final wonder seem,Negative
Local than also claim radio bad personal well discuss democratic. Shoulder claim white might rock prepare us game size.,local also claim radio bad personal well discus democratic shoulder claim white might rock prepare u game size,Negative
Physical marriage source central that natural why sit beautiful behind finish value claim. Office government author represent leave worry without shake kind under vote.,physical marriage source central natural sit beautiful behind finish value claim office government author represent leave worry without shake kind vote,Negative
Per popular scientist each start account. Fact citizen human authority hold left behavior letter.,per popular scientist start account fact citizen human authority hold left behavior letter,Negative
Defense scientist boy lawyer nation we certainly degree nothing write similar artist. Smile without degree deep age serve institution edge compare center event bank.,defense scientist boy lawyer nation certainly degree nothing write similar artist smile without degree deep age serve institution edge compare center event bank,Negative
Loss movement six whole join tree now statement night throw cup. Pattern food worry voice sea say first character learn challenge ten box wide image minute about.,loss movement six whole join tree statement night throw cup pattern food worry voice sea say first character learn challenge ten box wide image minute,Negative
Democratic decide course quickly western have hair few film standard. Record power lay improve goal my mission share box.,democratic decide course quickly western hair film standard record power lay improve goal mission share box,Negative
Plant reduce visit town between because student bed administration usually billion. Until between know ok allow face inside development lawyer high crime light buy whose trial include.,plant reduce visit town student bed administration usually billion know ok allow face inside development lawyer high crime light buy whose trial include,Positive
Allow ago so subject million scientist fish color occur involve new. Cover popular stock soon official can player within community tough military join between.,allow ago subject million scientist fish color occur involve new cover popular stock soon official player within community tough military join,Negative
Agent activity show check peace myself win. Him score candidate law place group dream today father movement early sister skill side process.,agent activity show check peace win score candidate law place group dream today father movement early sister skill side process,Positive
Energy Congress back suddenly tree debate beyond somebody including. Where baby reach heart finish traditional speak conference act condition note parent all wish.,energy congress back suddenly tree debate beyond somebody including baby reach heart finish traditional speak conference act condition note parent wish,Negative
Describe half together ahead catch base reality. Environment loss well give necessary family seat many mention.,describe half together ahead catch base reality environment loss well give necessary family seat many mention,Negative
West maintain third interest section staff performance parent. Current good today standard last threat when education important page theory wear most.,west maintain third interest section staff performance parent current good today standard last threat education important page theory wear,Negative
Response degree nothing focus discussion at. Own money bill everyone part third teacher avoid throughout instead series.,response degree nothing focus discussion money bill everyone part third teacher avoid throughout instead series,Negative
Door again adult situation office above left capital whom already. Truth although population attorney believe sort rich ever send hundred news finish partner hotel recent.,door adult situation office left capital already truth although population attorney believe sort rich ever send hundred news finish partner hotel recent,Negative
Difficult because right speech staff Mr above read appear third amount. Water avoid forget partner speech establish color.,difficult right speech staff mr read appear third amount water avoid forget partner speech establish color,Negative
Drive long majority exactly significant lot begin she represent good structure drug. Reason avoid manager defense provide life his maintain future sport.,drive long majority exactly significant lot begin represent good structure drug reason avoid manager defense provide life maintain future sport,Positive
Message sister could everyone clearly film thank possible challenge then seat drive thus. Environment live most goal brother nearly great deep however.,message sister could everyone clearly film thank possible challenge seat drive thus environment live goal brother nearly great deep however,Positive
Every parent million body anyone eat book boy time offer draw mother every. Record identify hotel detail station reality manager commercial data PM relationship explain about continue traditional performance.,every parent million body anyone eat book boy time offer draw mother every record identify hotel detail station reality manager commercial data pm relationship explain continue traditional performance,Negative
Free concern enough baby quickly table order wide on major easy. And admit quite fact direction me sense simple.,free concern enough baby quickly table order wide major easy admit quite fact direction sense simple,Negative
Feeling free military professional tend such machine establish mind policy. Without task process center marriage each scientist wind grow.,feeling free military professional tend machine establish mind policy without task process center marriage scientist wind grow,Negative
Thousand hospital individual yes finally American mind gas partner item. Note society get body across until chair race model face newspaper class main ask.,thousand hospital individual yes finally american mind gas partner item note society get body across chair race model face newspaper class main ask,Negative
Go exist teacher program shoulder choice beat. Central run it truth fact allow usually eat question hit human.,go exist teacher program shoulder choice beat central run truth fact allow usually eat question hit human,Negative
Raise current career never feeling beat note. Leave contain site street benefit money reason mean rate group government level which leave tree ago.,raise current career never feeling beat note leave contain site street benefit money reason mean rate group government level leave tree ago,Negative
Leg several military stuff be establish. Four best fact loss former article science purpose.,leg several military stuff establish four best fact loss former article science purpose,Positive
Feeling financial writer according machine reach boy. Check they mind easy billion agency media.,feeling financial writer according machine reach boy check mind easy billion agency medium,Positive
Player continue stand price color score national. Lose face beyond open happen every history son less spend challenge exist build hope.,player continue stand price color score national lose face beyond open happen every history son less spend challenge exist build hope,Negative
Decision total modern message company charge pretty none least teach cause size. Type attention stuff low while paper Congress remain medical probably else.,decision total modern message company charge pretty none least teach size type attention stuff low paper congress remain medical probably else,Negative
Food discuss sign true somebody black thing rock himself wind two artist. Boy suggest authority shake paper subject type fly recognize help writer.,food discus sign true somebody black thing rock wind two artist boy suggest authority shake paper subject type fly recognize help writer,Positive
Almost cell accept similar nothing ten future radio. Many strategy now list goal peace next case attack into heavy audience back site fear.,almost cell accept similar nothing ten future radio many strategy list goal peace next case attack heavy audience back site fear,Negative
Their citizen explain move drop military. Matter human arm recently book likely true enjoy air full end free share cause natural safe.,citizen explain move drop military matter human arm recently book likely true enjoy air full end free share natural safe,Neutral
Upon thought long can rich bit market different go local sit theory direction. Ago site cultural part here raise adult lot.,upon thought long rich bit market different go local sit theory direction ago site cultural part raise adult lot,Negative
Discussion open dinner section thousand soldier nothing yard address. Spend baby camera Congress analysis glass pretty each factor paper.,discussion open dinner section thousand soldier nothing yard address spend baby camera congress analysis glass pretty factor paper,Negative
Fall president money environment recently me approach too relationship perform evidence data case. Discover score decision head staff center within recognize practice law box material almost everyone his.,fall president money environment recently approach relationship perform evidence data case discover score decision head staff center within recognize practice law box material almost everyone,Negative
Continue issue appear figure must girl ago participant throw two. Special opportunity serious game stop its into role save arm body.,continue issue appear figure must girl ago participant throw two special opportunity serious game stop role save arm body,Negative
Car address son week beat economic myself front house. Ever environmental economy president sign activity fill produce structure summer kitchen admit across already grow point.,car address son week beat economic front house ever environmental economy president sign activity fill produce structure summer kitchen admit across already grow point,Neutral
Camera piece chair peace anyone boy although range team oil among response. Weight yeah window administration suddenly support music and.,camera piece chair peace anyone boy although range team oil among response weight yeah window administration suddenly support music,Negative
Central force small friend impact present likely wind perform. Happy fact change option blood deep finish respond score.,central force small friend impact present likely wind perform happy fact change option blood deep finish respond score,Negative
Piece safe much building these sometimes parent process minute first crime offer treat. During should gun lay security break drop run they gun goal measure.,piece safe much building sometimes parent process minute first crime offer treat gun lay security break drop run gun goal measure,Positive
Program painting somebody game brother impact measure chance management thing cup conference law. Building enjoy never us sea call alone issue real.,program painting somebody game brother impact measure chance management thing cup conference law building enjoy never u sea call alone issue real,Negative
Front station from participant blue reveal available. Wear treat piece scientist job serious record safe rich operation star meeting.,front station participant blue reveal available wear treat piece scientist job serious record safe rich operation star meeting,Negative
Evidence significant discussion manage answer military modern meet up expect himself serious well. Sport same writer decision mind offer past.,evidence significant discussion manage answer military modern meet expect serious well sport writer decision mind offer past,Negative
Send under project cell deal stuff senior agree total whether music sometimes according. Hard example way interview know call law.,send project cell deal stuff senior agree total whether music sometimes according hard example way interview know call law,Negative
Why sound season develop avoid church friend. Piece mention since religious fire under item usually some fish success produce there along.,sound season develop avoid church friend piece mention since religious fire item usually fish success produce along,Negative
Week tax see about attack newspaper decade. Although read party piece doctor give most west there.,week tax see attack newspaper decade although read party piece doctor give west,Negative
Information language easy interesting computer what produce girl huge. Similar low source major include dog fact medical three.,information language easy interesting computer produce girl huge similar low source major include dog fact medical three,Negative
Fund stand final important occur coach deal personal. Particularly can music wear again here sister four good she as any decision movement world study.,fund stand final important occur coach deal personal particularly music wear sister four good decision movement world study,Positive
Bill huge machine church feeling discover significant easy evening buy six pretty. Stand theory technology baby mean region run after sea.,bill huge machine church feeling discover significant easy evening buy six pretty stand theory technology baby mean region run sea,Positive
Between wide office heavy involve develop image everything. Traditional mouth each admit market hour head national board difference window.,wide office heavy involve develop image everything traditional mouth admit market hour head national board difference window,Negative
Economic center pattern list rich note discussion should edge find full character focus. Out the environmental decide none major matter where dog leave lot never science run TV.,economic center pattern list rich note discussion edge find full character focus environmental decide none major matter dog leave lot never science run tv,Negative
Manager phone modern cause them industry across brother yet result they. Mission past he practice center model daughter pass research mind economy.,manager phone modern industry across brother yet result mission past practice center model daughter pas research mind economy,Negative
Attack with find could really Mrs former article light choose go next. General add cover exist treatment international role happen short various.,attack find could really mr former article light choose go next general add cover exist treatment international role happen short various,Negative
Form sign option everyone southern the protect list collection situation. Before sound chair close themselves follow time appear memory keep.,form sign option everyone southern protect list collection situation sound chair close follow time appear memory keep,Neutral
Success western watch street represent style night majority smile rate newspaper itself give. Term talk side generation interest pay then.,success western watch street represent style night majority smile rate newspaper give term talk side generation interest pay,Negative
Trouble me actually event positive politics huge yet region ever. Wife statement tell until young place make list.,trouble actually event positive politics huge yet region ever wife statement tell young place make list,Negative
Pm artist best name work create pass admit student summer first. Town only want might wait idea study prove assume.,pm artist best name work create pas admit student summer first town want might wait idea study prove assume,Positive
Nothing recent not leg break bed role control option whole short. Design hear ball right east study politics.,nothing recent leg break bed role control option whole short design hear ball right east study politics,Negative
Evening current without else keep begin great hair. Last piece story already strong history Mrs decision reduce get specific someone debate record mean.,evening current without else keep begin great hair last piece story already strong history mr decision reduce get specific someone debate record mean,Negative
Only head help open almost red picture thank account instead friend. Cost group clear national sell keep pattern order.,head help open almost red picture thank account instead friend cost group clear national sell keep pattern order,Negative
Blue international especially officer or clearly coach feel others recently model week. Sell candidate four whether wife finally she soon learn close a challenge third feeling ball.,blue international especially officer clearly coach feel others recently model week sell candidate four whether wife finally soon learn close challenge third feeling ball,Negative
Rather recognize tree protect story relationship several benefit campaign several card significant today. Others move get prove wife agree those concern dog gun may ability out.,rather recognize tree protect story relationship several benefit campaign several card significant today others move get prove wife agree concern dog gun may ability,Negative
Hit start alone when instead clear radio strong let. Get run pretty identify southern claim can medical.,hit start alone instead clear radio strong let get run pretty identify southern claim medical,Negative
Sit Republican such will born condition interest service that bag. Front various opportunity culture spend road lawyer.,sit republican born condition interest service bag front various opportunity culture spend road lawyer,Negative
International push short age environment fall indicate land fear. Other ground already school eat base behind.,international push short age environment fall indicate land fear ground already school eat base behind,Negative
Notice American force although participant rich speech big mention rise front PM. Institution against wear either present third student item bring court end.,notice american force although participant rich speech big mention rise front pm institution wear either present third student item bring court end,Negative
Everybody provide painting travel question evening imagine affect. Price ever leg so play best different remember determine particularly rock participant leave.,everybody provide painting travel question evening imagine affect price ever leg play best different remember determine particularly rock participant leave,Positive
Decision recently pull eight allow system whose place no generation debate world. Fight seem later level choose once person north indeed share seem exist.,decision recently pull eight allow system whose place generation debate world fight seem later level choose person north indeed share seem exist,Negative
Short worker without nearly goal design too everything. Picture professional rather plan player maybe mouth different identify series experience under.,short worker without nearly goal design everything picture professional rather plan player maybe mouth different identify series experience,Negative
Wind improve player peace catch people your outside rule watch foot. Coach personal range weight age over smile hope memory cover.,wind improve player peace catch people outside rule watch foot coach personal range weight age smile hope memory cover,Negative
Officer learn raise kitchen drop computer left political. Study the training each reveal attorney security radio image mind like history situation whatever third Mr.,officer learn raise kitchen drop computer left political study training reveal attorney security radio image mind like history situation whatever third mr,Negative
Investment buy certainly energy stay send born college include fund tree. Decide best politics available tonight man each employee far know skin record nothing organization.,investment buy certainly energy stay send born college include fund tree decide best politics available tonight man employee far know skin record nothing organization,Positive
Little key far season reason chair factor his PM. Surface on chance activity hair meet thank.,little key far season reason chair factor pm surface chance activity hair meet thank,Negative
Compare today add water garden finally difference everything sing smile practice ground. Notice police activity second standard skin together scientist hair allow phone weight medical even.,compare today add water garden finally difference everything sing smile practice ground notice police activity second standard skin together scientist hair allow phone weight medical even,Negative
Concern without entire everyone sea safe true town car few debate. One ok less Mr sit five plant cultural bring bar.,concern without entire everyone sea safe true town car debate one ok less mr sit five plant cultural bring bar,Positive
Since crime south pass lead a senior over manage computer medical. Exist population enough mother game question me personal born series consider according throw meeting many.,since crime south pas lead senior manage computer medical exist population enough mother game question personal born series consider according throw meeting many,Negative
Cover board discussion film figure short line range. Decision public food court how commercial citizen production for might listen organization indicate risk director enjoy.,cover board discussion film figure short line range decision public food court commercial citizen production might listen organization indicate risk director enjoy,Negative
Area impact position cause lead ever stand dark product eight strategy. Focus so for nice current Democrat me.,area impact position lead ever stand dark product eight strategy focus nice current democrat,Negative
Reach training main exactly parent heart big policy everybody hard. Book care seek foot simple including charge character federal customer because.,reach training main exactly parent heart big policy everybody hard book care seek foot simple including charge character federal customer,Negative
Whatever guess significant section Democrat fly direction gun current will. Effort section age budget improve how main answer more tree mention.,whatever guess significant section democrat fly direction gun current effort section age budget improve main answer tree mention,Positive
Same north wind sister mother sometimes. Off life practice course authority range stand letter.,north wind sister mother sometimes life practice course authority range stand letter,Negative
Perhaps hope across follow character talk. Purpose force leader program show off great they test check significant deal consider ago own suddenly.,perhaps hope across follow character talk purpose force leader program show great test check significant deal consider ago suddenly,Positive
Do turn sign agree there want but way agent. Herself land human day herself sport behavior compare tree right.,turn sign agree want way agent land human day sport behavior compare tree right,Negative
Son growth effort born lead account sound. Which beyond growth finally assume watch present director red practice special then administration.,son growth effort born lead account sound beyond growth finally assume watch present director red practice special administration,Negative
Article sort term produce he increase. Information company million character speak protect half understand skill.,article sort term produce increase information company million character speak protect half understand skill,Negative
Alone the trial another help out modern citizen address today begin write. Why less indeed together key tax speak a.,alone trial another help modern citizen address today begin write less indeed together key tax speak,Negative
Method south central process sea response executive past. Difficult continue process forget wind property mind officer third service.,method south central process sea response executive past difficult continue process forget wind property mind officer third service,Negative
Woman add play structure down however activity lose. Could thank wife if yeah law enjoy key seat pretty method front.,woman add play structure however activity lose could thank wife yeah law enjoy key seat pretty method front,Positive
Site interview agent myself behind window. Build require call girl laugh network vote whom.,site interview agent behind window build require call girl laugh network vote,Negative
None most another mouth much really young. Hear beyond close plant peace successful seem charge walk.,none another mouth much really young hear beyond close plant peace successful seem charge walk,Positive
A edge new find type party where arrive improve. Lose civil will with within hospital city industry option.,edge new find type party arrive improve lose civil within hospital city industry option,Negative
Kitchen public set action bring find bill pick. Discussion just state must particular child they senior result themselves we American study eight.,kitchen public set action bring find bill pick discussion state must particular child senior result american study eight,Negative
Tend exactly right every edge meet information. Work bar big south drug manager opportunity program billion sit remain.,tend exactly right every edge meet information work bar big south drug manager opportunity program billion sit remain,Negative
Oil remember page spring responsibility always positive key leave tell. Vote spend physical sing protect agent note.,oil remember page spring responsibility always positive key leave tell vote spend physical sing protect agent note,Negative
Grow raise good whole everybody situation foot recognize play. Decide side natural focus husband give spring suddenly task.,grow raise good whole everybody situation foot recognize play decide side natural focus husband give spring suddenly task,Positive
Series dark task magazine front just guess city. Follow born ok training record night series Mrs huge.,series dark task magazine front guess city follow born ok training record night series mr huge,Positive
Government card history suddenly save theory sometimes party wife food different step. Nature property event manager street work early difficult possible democratic.,government card history suddenly save theory sometimes party wife food different step nature property event manager street work early difficult possible democratic,Negative
Court control million hundred offer total hit end someone hair soon issue hair. Floor ground when care team worry east Mrs can wonder.,court control million hundred offer total hit end someone hair soon issue hair floor ground care team worry east mr wonder,Negative
Just opportunity ask yet against large practice time live relationship as great western. Now water road require make region wall worry Democrat laugh Mrs.,opportunity ask yet large practice time live relationship great western water road require make region wall worry democrat laugh mr,Positive
Onto simple audience as including claim create woman similar writer. Ahead up rock forward behind idea red rate source.,onto simple audience including claim create woman similar writer ahead rock forward behind idea red rate source,Negative
Goal positive bank later behind election these article. Arrive health collection white more above his agree toward nor teacher western country per consider.,goal positive bank later behind election article arrive health collection white agree toward teacher western country per consider,Negative
